<launch>
    <let name="urdf_path" value="$(find-pkg-share robot_desc_xacro)/urdf/my_robot.urdf.xacro" />
    <let name="rviz_config_path" value="$(find-pkg-share myrobot_bringup)/rviz/my_config.rviz" />
    <let name="world" value="$(find-pkg-share myrobot_bringup)/worlds/world1.world" />

    <node pkg="robot_state_publisher" exec="robot_state_publisher">
        <param name="robot_description" value="$(command 'xacro $(var urdf_path)')" />
    </node>

    <include file="$(find-pkg-share gazebo_ros)/launch/gazebo.launch.py">
    <arg name="world" value="$(var world)" />
    <arg name="verbose" value="true"/>
    <arg name="extra_gazebo_args" value="--ros-args --params-file $(find-pkg-share gazebo_ros)/config/gazebo_params.yaml"/>
    </include>

    <node pkg="gazebo_ros" exec="spawn_entity.py"
          args="-topic robot_description -entity my_robot" />

    <node pkg="rviz2" exec="rviz2" output="screen"
          args="-d $(var rviz_config_path)" />

    <node pkg="teleop_twist_keyboard" exec="teleop_twist_keyboard" output="screen"
          launch-prefix="xterm -e">
        <remap from="/cmd_vel" to="/cmd_vel"/>
    </node>
</launch>
